phone,name
8.96911E+11,Karly Dale
3.29776E+11,April Whitley
2.52056E+11,Lamar Hobbs
4.10457E+11,Armand Simon
540-4493-15249,Leslie Huber
(8831)56234713,Vaughan Palmer
686-3255-23742,August Espinoza
8.37277E+11,Lani Lowery
8.03669E+11,Ryan Adams
472-4071-01868,Brody Peters
2.56015E+11,Thomas Shelton
(1130)07781126,Katelyn Terry
(1352)36811732,Remedios Camacho
(6372)46486581,Curran Bray
2.67512E+11,Donovan Fuentes
751-3549-57206,Katell Stokes
534-5617-36813,Caesar Wilcox
3.79331E+11,Belle Duncan
4.53221E+11,Joelle Tillman
575-9683-50074,Colby Cantu
7.19972E+11,Debra Curtis
864-5883-90572,Beck Swanson
7.57812E+11,Carl Mcclure
534-6868-41638,Bert Fitzpatrick
8.85211E+11,Hakeem Sawyer
6.47123E+11,Zahir Sawyer
9.72088E+11,Aileen Cochran
(5317)05211744,Ferdinand Mccray
5.22918E+11,Nyssa Casey
384-8451-41664,Anastasia Thompson
8.14178E+11,Imelda Page
5.84223E+11,Channing Serrano
474-5474-49634,Wing Donovan
8.54404E+11,Martina Leon
7.89205E+11,Sopoline Herring
8.16271E+11,Jolene Wilson
424-7508-21443,Brock Richmond
882-3813-25017,Olympia Crawford
744-3790-52384,Hu Floyd
1.48287E+11,Hedy Berry
328-3541-80137,Erich Riley
5.95041E+11,Reuben Moody
4.65844E+11,Jerome Combs
1.85457E+11,Lawrence Douglas
(4891)95743522,Tyrone Salazar
2.68517E+11,Charissa Valdez
7.04435E+11,Nadine Nielsen
3.71916E+11,Ivory Conway
7.66298E+11,Belle Sargent
5.53599E+11,Idona Martinez
(1381)99412689,Colt Jones
(3834)76475240,Giselle Fitzpatrick
5.49331E+11,Phyllis Lawson
(1849)64725793,Anthony Spears
(4536)98751506,Jerry Dodson
728-9545-79956,Wyatt Dixon
2.10539E+11,Veronica Fernandez
275-1824-53729,Bree Hays
5.38266E+11,Aphrodite Bryan
8.8994E+11,Urielle Mathis
(8387)32311283,Idona Munoz
(3281)87429855,Bo Chapman
6.5512E+11,Aline Myers
4.59188E+11,Natalie Barker
159-8121-71552,Yetta Goodman
8.72264E+11,Whoopi Decker
5.21078E+11,Steven Strong
2.41934E+11,Ralph Talley
2.81378E+11,Callum Russell
5.15662E+11,Shoshana Steele
361-4165-21086,Leigh Fields
(1125)26025377,Madeline Perry
(2015)66235766,Orson Wilkerson
7.45891E+11,Geoffrey Herring
95391567446,Kato Warren
838-2275-86898,Anika Levine
556-8600-32624,Hashim Donaldson
(8472)75309003,Adara Robinson
1.81856E+11,Yvette Puckett
5.07053E+11,Hyacinth Cannon
3.95646E+11,Stephanie Mclaughlin
(5882)37331435,Rooney Mccray
9.74668E+11,Cameran Peterson
8.53749E+11,Ignatius Bell
(1201)97128412,Jeremy Whitfield
1.94723E+11,Josephine Jarvis
400-2070-29096,Jenna Tate
1.51751E+11,Allistair Woodard
5.51691E+11,Martena Velazquez
7.21255E+11,Renee Wilkinson
(3153)39548583,Wynne Pennington
6.11596E+11,Dara Frank
3.37464E+11,Orla Boyle
1.47567E+11,Nicole Dickson
(2319)61847522,Cedric Elliott
7.58554E+11,Akeem Rogers
8.66739E+11,Maia Ford
1.65713E+11,Sydney Medina
860-2040-48338,Timothy Giles
(5331)83791215,Colin Mcpherson
phone,name
(3517)81502881,Tatum Peters
(2726)52770718,Shelly Rivas
(7362)53825718,Marny Davenport
642-6127-56674,Isaiah Kramer
4.31644E+11,Jeremy Combs
172-4604-79562,Tatyana Dejesus
083837697170,Orla Yates
044471489941,Alma Crawford
5.27145E+11,Louis Hatfield
(5678)77667368,Rhea Barber
(8884)32139762,Simon Ingram
6.7814E+11,Hashim Wells
1.87469E+11,Wylie Todd
25223645927,Gwendolyn Duke
4.73534E+11,Brent Cervantes
048-3085-01585,Felicia Smith
114-4038-87254,Hedy Rodriguez
(5683)99304225,Dieter Nicholson
161-7237-80109,Ivy Adams
188-7427-32182,Shelly Estes
2.85346E+11,Alan Wise
4.82549E+11,Inga Pennington
552-6055-75223,Ezekiel Lara
1.21973E+11,Dana Pace
(3422)73545458,Alden Tanner
(1316)68785899,Aspen Oliver
6.63727E+11,Sierra Mcclure
303-5708-94841,Liberty Strickland
275-9071-66218,Beck Williams
7.02344E+11,Lynn Decker
5.55835E+11,Lani Tran
(8331)93855281,Neville Deleon
(4543)21100856,Kirsten Glover
(0330)38179484,Zeph Jenkins
5.56858E+11,Regan Ramos
6.93837E+11,Vance Lawson
(8679)58799656,Lacy Bryant
(7233)63206983,Jonah Joyner
8.82442E+11,Wyatt Collier
6.65061E+11,Malik Ellis
6.54783E+11,Andrew Pittman
1.76954E+11,Chaim Alvarado
6.22549E+11,William Wiley
874-8375-81695,Dane Wallace
7.13724E+11,Amber Shannon
200-3992-86996,Odessa Price
2.08223E+11,Austin Petty
6.42044E+11,Neville Figueroa
3.12627E+11,Boris Adams
(0955)60068328,Rudyard Bowman
8.67284E+11,Charde Hendricks
4.24356E+11,Lucas Trujillo
7.23122E+11,Bianca Mckinney
3.48191E+11,Hillary Page
4.58571E+11,Tatum Leonard
(1442)32723076,Prescott Stephens
941-6032-38560,Zachary Hatfield
7.26464E+11,Hamish Morales
6.88554E+11,Cassidy Fleming
3.68695E+11,Tana Ashley
18879766148,Berk Madden
813-3948-16182,Beau Garrett
4.77734E+11,Hunter Hunt
5.84188E+11,Berk Kidd
5.61137E+11,Gabriel Cantu
(4769)58864153,Vincent Compton
5.16573E+11,Quon Davis
7.80641E+11,Brynn Blair
(5969)88322887,Caldwell Rosales
1.67582E+11,Hashim Cervantes
6.38661E+11,Harding Bullock
(9051)89994785,Octavia Johns
748-8361-86458,Jordan Dunlap
(9377)65241213,Cain Vincent
1.15794E+11,Reese Hays
(5106)74651994,Jamal Richmond
945-2018-86699,Dane Kramer
186-0810-13838,Isabelle Kennedy
(7764)18258722,Sylvia Chambers
761-1403-61632,Ori Solomon
286-5841-88421,Brady Allison
3.86208E+11,Gloria Glover
7.44362E+11,Harlan Adkins
645-5280-18103,Quail Hall
(0931)85095236,Hillary Dennis
(4648)28136165,Sean Mcmillan
1.19004E+11,Beck Harris
245-4514-27145,Mariam Ayers
1.77353E+11,Kirk Sears
5.93964E+11,Hadley Holt
(5183)48778978,Hall Moss
8.75828E+11,Griffith Pope
6.43098E+11,Sonia Sims
8.8231E+11,Lewis Allison
665-3606-84161,Gabriel Cooley
(2894)59958083,Alfreda Bullock
1.48403E+11,Ivor Villarreal
6.51806E+11,Hiroko Whitehead
734-7747-65544,TaShya Thomas
(6186)31665400,Kelly Watkins
phone,name
4.17238E+11,Sybil Tyson
371-4625-42145,Fredericka King
126-6384-70013,Ryder Maynard
(0345)69302345,Preston Carney
7.84393E+11,Hanna Fuller
(1353)42624754,Charde Glass
4.71936E+11,Blossom Graves
138-5280-17887,Nyssa Price
(8517)67418271,Tyler Shields
1.20861E+11,Rinah Burnett
(8541)37727701,Colton Bray
256-3656-18913,Roth Mcneil
764-8218-60523,Aquila Cameron
731-8641-81868,Miriam Quinn
4.48211E+11,Roth Mcintosh
(2618)44135436,Kay Alvarez
239-9237-04883,Colt Stevens
012-8152-21684,Ina Brady
2.69654E+11,Aurora Howard
(0287)47757671,Daniel Harrington
061118633283,Galvin Trujillo
6.13848E+11,Jolie Medina
912-8270-96637,Brennan Montoya
6.30323E+11,Petra Johnston
(0324)21451335,Sharon Carson
6.4522E+11,Acton Burks
(9565)21650057,Amir Whitley
8.49003E+11,Mia Mcgee
7.31672E+11,Harrison Jefferson
5.72289E+11,Kyle Stein
248-1115-03846,Cara Jensen
612-7959-49166,Claudia Baker
1.95822E+11,Jessica Cash
8.553E+11,Colton Guthrie
4.09587E+11,Madonna Chaney
(3847)95414715,Daria Cox
820-7655-74124,Joel Frost
8.00184E+11,Kenyon Juarez
984-7014-71406,Germane Edwards
256-0530-46780,Ray Newman
767-4456-75749,Drew Key
2.73444E+11,Lillith Duffy
4.73888E+11,Adam Schroeder
2.74778E+11,Rigel Booth
(7289)97563648,Driscoll Mcbride
1.42735E+11,Bethany Bennett
(3643)23745611,Wang Gordon
(7630)22850372,Kirk Ratliff
7.67465E+11,Reuben Skinner
(6524)48741177,Alexandra Hopper
868-2777-81718,Edan Leonard
5.40157E+11,Sage Turner
496-4824-88508,Anastasia Pena
1.81426E+11,Allegra Brady
7.32901E+11,Hayden Mathews
4.35705E+11,Lavinia Lester
020-1462-39615,Isabella Suarez
353-4829-92885,Ingrid Shaffer
356-7287-71865,Adrian Combs
6.92245E+11,Sonia Kidd
6.82249E+11,Velma Monroe
7.20437E+11,Aline Burns
122-4610-65265,Solomon Rich
935-3605-99385,Vivian Fulton
(5752)36369618,Cyrus Merrill
9.35117E+11,Martin Sutton
8.16118E+11,Carly Mayo
143-7971-55313,Alexander Ramsey
(7836)76716784,Magee Pollard
(1111)42433785,Edward Stark
267-5464-87262,Iola Gutierrez
(4067)70473777,Macy Guthrie
535-3415-68055,Shelby Chase
5.85684E+11,Ahmed Cooley
(4272)34728481,Sophia David
495-4735-31407,Blythe Sparks
2.3712E+11,Ciara Walter
5.43242E+11,Igor Horton
6.28554E+11,Sasha West
4.37657E+11,Gwendolyn Osborne
9.79474E+11,Rigel Mercer
756-7378-67407,Igor Anthony
8.30157E+11,Deanna Baxter
754-9731-66789,Beverly Berg
540-7114-78755,Hayes Ward
88941287444,Kirk Rocha
3.59298E+11,Maxwell Nicholson
336-4093-13832,Jermaine Randall
4.17783E+11,Gemma Miranda
7.64667E+11,Hilda Tillman
061102530310,Tanner Ratliff
(2768)70155245,Sylvia Orr
588-3171-73163,Orlando Salazar
3.07719E+11,Allen Weaver
9.17849E+11,Anika Crawford
7.52731E+11,Hiram Franco
6.24468E+11,Jolie Day
(5948)47754421,Sylvester French
4.51375E+11,Peter Huff
(2569)01742024,Louis Simmons
phone,name
8.24652E+11,Chiquita Brooks
(8292)31117673,Edward Maynard
(7236)87722056,Dean Estrada
9.45663E+11,Lester Anderson
1.56582E+11,Vaughan Knowles
753-2688-21804,Aladdin Mckay
638-4568-80260,Devin Drake
170-7937-09186,Reece Roy
1.76378E+11,Griffith Farmer
708-7283-80628,Ezekiel Ruiz
281-6650-38216,Edward Ryan
002038738618,Ethan Garrison
172-0455-32922,Timothy Fleming
056835417050,Adara Valdez
(8024)72197354,Colin Humphrey
(7757)21545128,Macon Henry
(2141)12462903,Patricia Cross
(3763)85315532,Dalton Arnold
3.78011E+11,Reece Weeks
145-3715-41679,Ina Salazar
(6822)71703758,Lucy Parker
8.67513E+11,Sebastian Emerson
(3875)49116883,Daphne Wooten
2.27488E+11,Sharon James
464-8395-39268,Baker Fernandez
7.11373E+11,Kimberly Irwin
1.41541E+11,Fay Roberson
3.38665E+11,Daquan Guy
9.82384E+11,Blossom Holman
7.87448E+11,Jelani Alvarez
(7436)92432077,Jin Morgan
7.21474E+11,Rhiannon Solomon
4.41527E+11,Igor Humphrey
1.55572E+11,Laith Mason
631-6222-25462,Connor Hester
1.75848E+11,Maxwell Arnold
4.15526E+11,Amity Stephens
053-6335-77895,Dustin Thomas
(2167)49632680,Rose Mcclain
280-2356-84672,Kermit Mendoza
2.31825E+11,Vera Potter
3.25704E+11,Solomon Clarke
6.74462E+11,Ayanna Webb
2.74252E+11,Dahlia Rodgers
(4355)33534724,Catherine O'brien
(8291)88004368,Emerson Dunlap
8.18783E+11,Amos Cooke
(2322)28317969,Michael Burch
662-8822-70816,Jerry Peterson
(5830)84800219,Lyle Holden
728-2753-26063,William Frye
9.41595E+11,Camilla Mcleod
8.48335E+11,Barry Kemp
(2178)37138836,May Dennis
666-9133-56353,Athena Mccormick
4.39253E+11,Shea Matthews
6.8179E+11,Caesar Patterson
125-7758-56378,Lamar Perkins
(4204)56295215,Iona Silva
1.41463E+11,Chava King
(1193)56654474,Germane Munoz
1.04815E+11,Prescott Herman
2.09284E+11,Lillith Randolph
317-2831-78279,Ferdinand Roberts
(3809)74270452,Jana Hester
224-4552-03527,Vladimir Joyner
5.73847E+11,Keith Strong
6.56604E+11,Anastasia Hendricks
6.71818E+11,Harriet Goodman
153-5613-77158,Lionel Vasquez
(4639)42615748,Arsenio Brock
4.51861E+11,Karleigh Johns
855-6037-34516,Lance Butler
096-5882-83738,Vanna Whitaker
(2240)48374816,Gabriel Mclean
1.35241E+11,Ignatius Newman
618-8365-74771,Berk Salinas
8.32713E+11,Scott Marquez
(5508)51133569,Bertha Rosa
4.22246E+11,Abel Mendez
695-8615-86538,Kasper Winters
2.14421E+11,Myra Rios
4.77812E+11,Burton Griffith
778-6270-16087,Freya Mcknight
1.29719E+11,Jesse Lindsay
5.76233E+11,Tate West
(8928)56551182,Clark Meadows
(2739)24275255,Kameko Buchanan
2.00221E+11,Alma Kirby
3.37758E+11,Linda Paul
(7367)16834543,Amity Jimenez
887-4079-18622,Maile Hicks
441-9422-96275,Sebastian Chase
3.57219E+11,Ignatius Shepherd
7.76226E+11,Demetria Whitfield
7.59757E+11,Jamal Patrick
271-6175-62460,Tanisha Diaz
582-7747-84321,Eaton Reid
813-3648-16556,Fritz Cook
3.85366E+11,Jasmine Wooten
phone,name
957-4225-15550,Justine Newton
2.97231E+11,Harding Hurst
682-3936-39603,Brittany Boyer
493-3904-31616,Cameran Wright
(4179)25755632,Lewis Snow
(7171)84928524,Cally Castro
1.49204E+11,Hayes Sullivan
(1586)29688514,Michelle Mooney
(6781)91438381,Conan Bradford
2.02312E+11,Dane Yang
677-0442-57711,Leigh Sherman
(3961)61769108,Calista Thomas
2.45568E+11,Lars Stein
5.66084E+11,Maile Dickerson
8.93577E+11,Veronica Witt
4.26762E+11,Channing Bowers
8.38379E+11,Piper Fleming
6.35832E+11,Emerson Cohen
6.00662E+11,Drake Valentine
2.5145E+11,Hammett Tyson
483-5604-95755,Pandora Schroeder
3.27485E+11,Barry Barnes
078575470220,Gil Mcmillan
631-6524-62192,Hall Hood
4.13644E+11,Leandra Nicholson
2.52961E+11,Clinton Murray
2.08498E+11,Buckminster Hines
3.85435E+11,Mercedes Lawrence
2.57077E+11,Judah Lawrence
334-7647-52187,Carol Cooper
2.85605E+11,Micah Bartlett
(8876)31357436,Lara Collins
8.51513E+11,Judah Blair
022007883637,Helen Pacheco
226-2360-52273,Jerome Irwin
6.58938E+11,Aileen Cotton
(8165)57802852,Lila Hampton
637-4390-84275,Tanisha Higgins
(7505)17822454,Chaim Lambert
(8838)65464309,Adam Burt
6.67719E+11,Dieter Mosley
(0754)82282245,Hollee Dyer
3.54924E+11,Ima Page
612-1844-52544,Daquan Carver
2.36573E+11,Fletcher Beasley
666-2071-23847,Audrey Stevenson
773-1497-44881,Rhea Mills
6.10798E+11,Lewis Burt
4.24146E+11,Isadora Velez
142-5677-47569,Joshua Kelly
(3650)48644551,Skyler Moore
3.64165E+11,Laura Morales
946-1111-48254,Ahmed Bond
765-3109-45368,Heidi Mack
(0027)58611535,Chantale Lindsey
(5623)15451162,Basil Houston
2.54442E+11,Sigourney Norton
(5172)36504824,Justin Cole
633-7967-89638,Orla Craft
(5471)31542873,May Hamilton
4.42299E+11,Kyla Chan
455-5545-82253,Jonah Wise
(9858)92367767,Harper Garrison
4.56542E+11,Lillian Clay
5.83279E+11,Jesse Langley
(8968)65373113,Stacy Wright
822-0166-42133,Jameson Shepard
(2582)41544105,Zena Mcclain
175-7333-18653,Sean Petersen
244-1107-24971,Joseph Aguirre
646-3495-42847,Colleen Gomez
7.77419E+11,Carol Petty
726-8270-57211,Timothy Miranda
352-1269-94878,Melanie West
(7148)72463087,Elliott Morrison
449-0342-76338,Anne Pratt
024-1101-68853,Francesca Erickson
1.73751E+11,Noelle Zimmerman
8.82557E+11,Samson Petersen
(4472)26966382,Drake Mills
251-6138-02046,Joel Walls
(6453)47071427,Oscar Kim
516-6915-84871,Aphrodite Jackson
7.94144E+11,Fuller Huffman
(2433)38774867,Quin Gross
304-3114-16113,Deanna Spence
(3061)45650762,Vielka Salinas
8.92696E+11,Cleo Higgins
(3871)25236797,Tanek Crosby
807-9767-21048,Clinton Swanson
1.12069E+11,Kirk English
(3654)25850858,Benedict Hooper
5.41224E+11,Keelie Chen
6.14752E+11,Stephen Hammond
8.17758E+11,Palmer Watkins
084-9156-97961,Lee Harris
6.37478E+11,Driscoll Mccullough
942-4074-40961,Mufutau Wynn
6.02842E+11,Zane Mcpherson
614-3474-52828,Noel Schwartz
phone,name
9.81026E+11,Halee Robbins
986-1473-49110,Eagan Carr
8.32115E+11,Colton Romero
328-1254-76856,Olympia Cole
1.5878E+11,Naida Mcmahon
6.18066E+11,Keely Simon
2.88786E+11,Marsden Stout
6.14252E+11,Jonas Greer
651-1834-86411,Liberty Moody
(5686)19655693,MacKensie Koch
337-4513-53330,Addison Elliott
2.21743E+11,Keelie Nichols
(6229)81637315,Mollie Welch
(6390)67438321,Macon Ball
006753848471,Victor Stark
242-2981-88804,Felicia Randolph
6.82494E+11,Erasmus Kemp
8.74788E+11,Amber Rollins
778-4440-52929,Dalton Wolf
3.97115E+11,Keane Moreno
6.02471E+11,Aladdin Cote
525-5324-24708,Frances Moss
792-8237-48506,Kirestin Rocha
527-8845-45165,Porter Ayala
7.66158E+11,Solomon Haney
716-5206-59352,Madeline Gillespie
937-1634-13272,Naomi Dawson
210-5893-13244,Grant Hamilton
(8197)64225315,Kaseem Houston
5.87123E+11,Lucian Duncan
(6892)27072981,Hope Forbes
461-8221-17887,Abel Dudley
(7827)56151471,Martin Allison
(4012)63583824,Kaitlin Knowles
235-8237-51653,Nadine Cook
366-2303-88297,Avram Fletcher
8.75383E+11,Ruth Hancock
(7953)49476116,Raja Pugh
(6935)45655245,Ifeoma Logan
5.76727E+11,Gareth Carlson
172-3230-11511,Orlando Gibson
3.6561E+11,Whitney Byers
(6621)65877265,Walker Livingston
(4035)19334689,Candace Figueroa
2.30556E+11,Nathaniel Frank
3.44858E+11,Zephr Hurley
6.62554E+11,Azalia Cunningham
(4242)56562661,Bradley Mejia
9.14535E+11,Kaseem Harding
157-7628-78266,Marsden Snow
7.43338E+11,Shannon Pruitt
8.14097E+11,Stewart Moss
(8793)54662614,Kadeem Vaughn
(7715)63323257,Xantha Glover
117-7328-98732,Emmanuel Black
(5197)73251771,Eagan Kinney
215-9273-96628,Ciaran Wilcox
5.20386E+11,Edward Rollins
249-5221-64638,Stephanie Farmer
6.88813E+11,Serina Pacheco
9.77067E+11,Laith Franks
407-6883-12375,Lani Mcconnell
3.38478E+11,Sopoline Ingram
(4823)13410505,Price Reilly
4.46426E+11,Irene Lucas
8.35716E+11,April Sexton
7.43332E+11,Otto Velasquez
(8412)74045225,Signe Wilkins
(4807)63285278,Uriel Burgess
2.82755E+11,Castor Casey
7.54622E+11,Benedict Adams
4.58948E+11,Ross Mays
8.21329E+11,Callum Wall
9.78048E+11,Eleanor Frazier
(8948)62072668,Kylee Beck
5.95528E+11,Harrison Nicholson
4.86241E+11,Chase Ashley
(1897)81687469,Grant Barnes
(4547)26165486,Ashton Cote
4.91725E+11,Lucian Bray
(2415)88615255,Travis Grant
1.04335E+11,Yasir Palmer
7.14452E+11,Ivana Roth
1.43417E+11,Damon Prince
5.88654E+11,Mari Singleton
4.74841E+11,Jaime Mcfadden
7.85038E+11,Kato Kent
422-6260-72187,Valentine Mcdaniel
2.10831E+11,Denise Vincent
5.61937E+11,Beatrice Simmons
9.22221E+11,Fleur Rutledge
8.50531E+11,Christopher Glass
2.26513E+11,Odessa Zimmerman
6.38534E+11,Salvador Hess
(2772)11590487,Winter Herrera
(3715)57464213,Barrett Owens
2.73431E+11,Tatyana Simon
6.23119E+11,Alden Fischer
450-9970-47336,Xandra Eaton
6.44377E+11,Hillary Acosta
phone,name
8.26624E+11,Rhoda Lancaster
6.45814E+11,Mark Lane
3.86677E+11,Ciaran Day
4.86956E+11,Jamalia Fitzgerald
4.76535E+11,Galvin Richard
6.28064E+11,Buckminster Rios
188-6681-05445,Benjamin Wallace
5.76214E+11,Willow Merrill
3.20479E+11,Ralph Taylor
2.64179E+11,Kane Gay
291-8328-97795,Alexandra Rocha
5.93441E+11,Pandora Keith
717-8845-25415,Regina Cervantes
(7160)99211698,Colt Nolan
(0031)16421130,Barrett Jennings
1.47466E+11,Deanna Farrell
8.54903E+11,Blake Barrera
5.55875E+11,Ciaran Rivas
7.38707E+11,Priscilla Best
2.55475E+11,Reese Berger
797-8275-75561,Leslie Prince
2.73147E+11,Xanthus Sullivan
22721775467,Kellie Ramsey
2.50187E+11,Emerson Haley
8.46719E+11,Lyle Burch
108-3984-11926,Quon Jackson
3.35553E+11,Tanek Burks
7.40806E+11,Brett Mejia
1.60764E+11,Louis Tillman
394-6105-71163,Jack Wilkerson
7.66365E+11,Pamela Ratliff
5.27783E+11,Ivana Higgins
(7574)85441614,Lamar Duncan
97282624334,Reece Wells
286-4798-77945,Isaac Sanders
(6569)17958816,Shaeleigh Bowen
(7474)51889997,Alexander Rivera
1.50379E+11,Neve Zamora
3.65122E+11,Alma Leon
685-5346-86382,Orson Guthrie
8.30787E+11,Sacha Cotton
4.14649E+11,Valentine Cunningham
7.11434E+11,Jemima Petty
383-1077-48283,Ignatius Hess
2.41538E+11,Natalie Bender
7.33332E+11,Dawn Hogan
788-1602-51144,Ali Meadows
9.3787E+11,Howard Buchanan
320-4873-21274,Jessica Green
6.34892E+11,Jenna Bauer
183-2173-15061,Akeem Sawyer
563-2266-37171,Randall Joyce
(5433)49863811,Jade Burnett
9.72196E+11,Penelope Mullen
7.34359E+11,Orlando Maldonado
4.29771E+11,Shelby Rogers
6.45518E+11,Charles Hurley
1.61647E+11,Mufutau Watson
4.76128E+11,Mufutau Delaney
(7343)15186214,Quinn Eaton
3.8637E+11,Demetria Skinner
837-5764-19177,Jackson Pennington
6.41478E+11,Alec Garrett
(7655)31323695,Signe Walton
4.30789E+11,Tana Howell
8.05281E+11,Brent Johns
462-2174-18848,Ina Garcia
416-6638-48356,Illana Logan
3.49615E+11,Kelly Pennington
1.63884E+11,Kylynn Hebert
8.16808E+11,Ivy Vinson
4.83166E+11,Cassidy Hampton
5.99684E+11,Skyler Valdez
205-4227-78824,Logan Goodwin
873-8017-49812,Deacon Contreras
(6454)50973725,Plato Sims
826-0676-04574,Mira Sutton
(2657)10623701,Zachery Bryant
9.70478E+11,Jason Carr
3.62395E+11,Wallace Herrera
548-8135-51849,Cecilia Norton
4.43375E+11,Abra Cleveland
(3232)13124926,Elvis Sanchez
875-0218-11233,Candace Mcmillan
4.15226E+11,Thor Miranda
(4256)33342687,Noble Zimmerman
(6181)21872335,Asher Sears
2.82133E+11,Dillon Espinoza
(1247)62878745,Hadley Hutchinson
748-2596-85228,Carlos Wiley
183-6902-74432,Jasper Butler
(5485)24668351,Veda Ford
4.44624E+11,Noel Byers
633-6648-36867,Dennis Austin
8.14236E+11,Rashad Christian
7.8746E+11,Bell Pace
6.28851E+11,Rhiannon Mcneil
(4162)58373481,Zephania Potter
(7087)44996652,Wyatt Mays
(2169)33925865,Chava Boyd
phone,name
3.21975E+11,Marvin Hicks
5.68253E+11,Justina Decker
7.47686E+11,Jason Owens
4.72508E+11,Elvis Lott
311-3372-23176,Mufutau Goff
1.24766E+11,Janna Terrell
4.50082E+11,Macon Harper
(5553)44814594,Ariel Little
467-8170-62353,Leonard Foley
158-7533-17594,Mira Hanson
(0916)90721846,Maya Davenport
(1747)34282637,Sylvester Barton
472-5317-55853,Gage Mccormick
2.43115E+11,Ariel Ware
664-7464-10821,Selma Wagner
1.48558E+11,Isabelle Copeland
2.44092E+11,Dante Gordon
1.78268E+11,James Morales
7.51821E+11,Maxwell Nicholson
(7946)92975164,Jameson Hunt
(4817)96632111,Mercedes Adams
(4925)23861952,Jessica Pope
8.25256E+11,Rhona Mcconnell
(1723)11537074,Dillon Roberts
471-4778-90338,Ginger Barry
(0282)65860822,Ursa Mcknight
1.01028E+11,Rudyard Gallagher
347-9842-16233,Fallon Stein
5.46734E+11,Isabella Mcmahon
4.64696E+11,Mari Best
(0146)67019535,Jenna Morin
354-8172-59365,Martena Carey
(8473)19459546,Lawrence Vasquez
292-5249-11159,Portia Nichols
2.78748E+11,Cassidy Carr
8.68847E+11,Gloria Maynard
2.6263E+11,Plato Tillman
5.89105E+11,Jamal Noble
7.50955E+11,Malcolm Byrd
(7015)75657592,Germaine Diaz
7.73412E+11,Melvin Solis
1.82572E+11,Plato Spencer
339-8241-43203,Nadine Dalton
3.55275E+11,Mikayla Bolton
6.27443E+11,Thaddeus Crawford
5.13287E+11,Slade Morse
(1481)88596616,Mara Fulton
7.4598E+11,Adele Landry
316-3155-33566,Rafael Mcgowan
8.56965E+11,Cheryl Poole
(1137)34891472,Aiko Hendricks
252-3586-22120,Jakeem Johnson
(1888)28798149,Erich Morrow
232-3600-34045,Brenna Lawrence
448-3319-34382,Hasad Acevedo
3.98815E+11,Orli Morales
7.38211E+11,Hillary Carson
1.35126E+11,Kane Good
(5809)89158915,Lael Payne
(7816)10473354,Rina Levy
216-2748-37636,Noah Baird
(2487)15577402,Xander Moses
(2653)64114032,Chantale Lynn
6.79762E+11,Forrest Fulton
991-4036-77221,Hakeem Clayton
(8477)45940368,Geoffrey Clemons
(4914)54728761,Diana Simpson
8.41245E+11,Trevor Guerra
3.00682E+11,Aristotle Walter
(3983)57601081,Abbot Bowen
1.50693E+11,Reese Lamb
(3468)24686743,Elliott Sullivan
(3492)68562953,George Moran
(8433)39831483,Serina Gill
(2761)21343682,Caleb Conley
(5891)55388810,Benjamin Deleon
8.86474E+11,Gray Foreman
(9217)67361735,Macey Landry
367-6720-86483,Kristen Patel
1.16281E+11,Brittany Kim
048-7357-19756,Murphy Sykes
2.84745E+11,Amal Watts
7.65666E+11,Derek Beck
480-1835-01027,Nicholas Ochoa
7.88753E+11,Rudyard Carrillo
(3952)82471579,Elijah Armstrong
578-3796-27266,Lavinia Whitfield
683-2501-98746,Kalia Woodward
2.64559E+11,Aspen Gallegos
(8974)18637925,Brock Adkins
688-3639-82670,Kaitlin Lucas
7.45724E+11,Jack Stafford
933-4264-07248,Xandra Long
524-7281-35389,Alfonso Gallagher
414-7297-82419,Illiana Kim
2.63187E+11,Charles Hanson
3.10849E+11,Philip Velez
4.59482E+11,Kennedy Sandoval
6.32514E+11,Magee Lee
6.94343E+11,Neville French